source,en,zh-tw,zh-cn
Login,Login,登入,登录
Save,Save,儲存,保存
Cancel,Cancel,取消,取消
Settings,Settings,設定,设置
Profile,Profile,個人資料,个人资料
Password,Password,密碼,密码
User,User,使用者,用户
Message,Message,訊息,消息
messages,messages,訊息,消息
Hello,Hello,你好,你好
Home,Home,首頁,首页
History,History,紀錄,记录
Favorites,Favorites,收藏,收藏
Language,Language,語言,语言
Search,Search,搜尋,搜索
Delete,Delete,刪除,删除
Close,Close,關閉,关闭
All,All,全部,全部
百合會論壇,Yamibo Forum,百合會論壇,百合会论坛
12 小時,12 hours,12 小時,12 小时
24 小時,24 hours,24 小時,24 小时
3 天,3 days,3 天,3 天
6 小時,6 hours,6 小時,6 小时
7 天,7 days,7 天,7 天
不自動檢查,Do not auto check,不自動檢查,不自动检查
必要權限已具備，但還有 {} 項建議設定，可降低背景同步被系統中止的機率。,"Required permissions are ready, but {} recommended settings can reduce background sync interruptions.",必要權限已具備，但還有 {} 項建議設定，可降低背景同步被系統中止的機率。,必要权限已具备，但还有 {} 项建议设置，可降低后台同步被系统中止的概率。
目前缺少 {} 項必要權限。處理完後，背景同步通知才能正常顯示。,{} required permissions are missing. Background sync notifications will work after they are fixed.,目前缺少 {} 項必要權限。處理完後，背景同步通知才能正常顯示。,目前缺少 {} 项必要权限。处理后，后台同步通知才能正常显示。
默認,Default,默認,默认
簡體,Simplified Chinese,簡體,简体
繁體,Traditional Chinese,繁體,繁体
全部,All,全部,全部
取消,Cancel,取消,取消
清空全選,Clear selected,清空全選,清空全选
關閉,Close,關閉,关闭
目前第 {} / {} 頁,Page {} of {},目前第 {} / {} 頁,目前第 {} / {} 页
刪除,Delete,刪除,删除
停用,Disabled,停用,停用
{} · {} 次下載,{} · {} downloads,{} · {} 次下載,{} · {} 次下载
{} 項收藏,{} favorites,{} 項收藏,{} 项收藏
{} 項,{} items,{} 項,{} 项
、,", ",、,、
第 {} 頁,Page {},第 {} 頁,第 {} 页
第{}頁,Page {},第{}頁,第{}页
{}/{} 頁,{}/{} pages,{}/{} 頁,{}/{} 页
全選,Select all,全選,全选
已加入本地收藏，{},"Added to local favorites, {}",已加入本地收藏，{},已加入本地收藏，{}
已加入本地收藏，但同步到百合會失敗：{},"Added locally, but Yamibo sync failed: {}",已加入本地收藏，但同步到百合會失敗：{},已加入本地收藏，但同步到百合会失败：{}
已加入收藏，{},"Added to favorites, {}",已加入收藏，{},已加入收藏，{}
已加入收藏，但同步失敗：{},"Added to favorites, but sync failed: {}",已加入收藏，但同步失敗：{},已加入收藏，但同步失败：{}
直屬收藏 {} 筆，集合內收藏 {} 筆。,{} direct favorites and {} favorites inside collections.,直屬收藏 {} 筆，集合內收藏 {} 筆。,直属收藏 {} 个，集合内收藏 {} 个。
「{}」目前包含 {} 筆收藏與 {} 個集合。,{} currently contains {} favorites and {} collections.,「{}」目前包含 {} 筆收藏與 {} 個集合。,“{}”目前包含 {} 个收藏与 {} 个集合。
{}類別不可刪除,The {} category cannot be deleted,{}類別不可刪除,{}类别不可删除
已刪除 {} 項紀錄,Deleted {} history records,已刪除 {} 項紀錄,已删除 {} 项记录
固定網格,Fixed grid,固定網格,固定网格
橫排卡片,Row cards,橫排卡片,横排卡片
橫排卡片(無封面),Row cards (no cover),橫排卡片(無封面),横排卡片（无封面）
瀑布貼齊,Staggered,瀑布貼齊,瀑布贴齐
這個項目目前收藏在：{},This item is currently saved in: {},這個項目目前收藏在：{},这个项目目前收藏在：{}
最後更新 {},Last updated {},最後更新 {},最后更新 {}
排列: {},Layout: {},排列: {},排列: {}
將當前所有收藏移動到{},Move all current favorites to {},將當前所有收藏移動到{},将当前所有收藏移动到{}
{} 個集合,{} collections,{} 個集合,{} 个集合
已刪除 {} 項，{} 項失敗,"Deleted {} items, {} failed",已刪除 {} 項，{} 項失敗,已删除 {} 项，{} 项失败
排序: {}{},Sort: {}{},排序: {}{},排序: {}{}
收藏順序,Favorite order,收藏順序,收藏顺序
版區,Forum,版區,版区
最後一次閱讀,Last read,最後一次閱讀,最后一次阅读
名稱,Name,名稱,名称
更新時間,Update time,更新時間,更新时间
{}時 {}分 {}秒,{}h {}m {}s,{}時 {}分 {}秒,{}时 {}分 {}秒
{}分 {}秒,{}m {}s,{}分 {}秒,{}分 {}秒
{}秒,{}s,{}秒,{}秒
目標類別：{},Target category: {},目標類別：{},目标类别：{}
手動刷新,Manual refresh,手動刷新,手动刷新
智能更新（TODO）,Smart update (TODO),智能更新（TODO）,智能更新（TODO）
偵測到 {} 個更新,Detected {} updates,偵測到 {} 個更新,侦测到 {} 个更新
分類: {},Category: {},分類: {},分类: {}
排序: {},Sort: {},排序: {},排序: {}
刷新失敗：{},Refresh failed: {},刷新失敗：{},刷新失败：{}
最近閱讀 {},Recently read {},最近閱讀 {},最近阅读 {}
今日 {},Today {},今日 {},今日 {}
語言,Language,語言,语言
English,English,English,English
介面語言,Interface Language,介面語言,界面语言
简体中文,简体中文,简体中文,简体中文
繁體中文,繁體中文,繁體中文,繁體中文
總積分 {},Total points {},總積分 {},总积分 {}
收藏,Favorites,收藏,收藏
紀錄,History,紀錄,记录
首頁,Home,首頁,首页
消息,Messages,消息,消息
我的,Profile,我的,我的
捲動(連續),Continuous scroll,捲動(連續),滚动（连续）
捲動(留空),Scroll with gaps,捲動(留空),滚动（gap）
單頁(左至右),Single page (left to right),單頁(左至右),单页（左至右）
單頁(右至左),Single page (right to left),單頁(右至左),单页（右至左）
單頁(上至下),Single page (top to bottom),單頁(上至下),单页（上至下）
邊緣式,Edge style,邊緣式,边缘式
Kindle式,Kindle style,Kindle式,Kindle式
L式,L shaped,L式,L式
左右式,Left / right,左右式,左右式
刷新週期已改為 {},Refresh interval changed to {},刷新週期已改為 {},刷新周期已改为 {}
刷新週期: {},Refresh interval: {},刷新週期: {},刷新周期: {}
登入資訊過期，請重新登入,Login expired. Please sign in again.,登入資訊過期，請重新登入,登录信息过期，请重新登录
伺服器正在維護中,The server is under maintenance.,伺服器正在維護中,服务器正在维护中
查無登入資料，請重新登入,No login data found. Please sign in again.,查無登入資料，請重新登入,查无登录资料，请重新登录
獲取用戶資料失敗: {},Failed to load profile: {},獲取用戶資料失敗: {},获取用户资料失败: {}
名稱不能為空白,Name cannot be blank,名稱不能為空白,名称不能为空
名稱「{}」已被類別使用,"Name ""{}"" is already used by a category",名稱「{}」已被類別使用,名称「{}」已被类别使用
名稱「{}」已被集合使用,"Name ""{}"" is already used by a collection",名稱「{}」已被集合使用,名称「{}」已被集合使用
此收藏已同步到百合會。,This favorite is already synced to Yamibo.,此收藏已同步到百合會。,此收藏已同步到百合会。
同步已取消。,Sync canceled.,同步已取消。,同步已取消。
刪除失敗,Delete failed,刪除失敗,删除失败
百合會目前維護中，請稍後再試。,Yamibo is under maintenance. Try again later.,百合會目前維護中，請稍後再試。,百合会目前维护中，请稍后再试。
這筆收藏缺少網站 favorite id，暫時無法同步刪除網站端資料。,"This favorite has no website favorite id, so website deletion is not available yet.",這筆收藏缺少網站 favorite id，暫時無法同步刪除網站端資料。,这笔收藏缺少网站 favorite id，暂时无法同步删除网站端资料。
目前未登入百合會，無法同步刪除網站收藏。,"Not signed in to Yamibo, so website favorites cannot be deleted.",目前未登入百合會，無法同步刪除網站收藏。,目前未登录百合会，无法同步删除网站收藏。
有 {} 項收藏已曾同步過至 {}，不進行重複同步,{} favorites were already synced to {} and will not be synced again,有 {} 項收藏已曾同步過至 {}，不進行重複同步,有 {} 项收藏已曾同步过至 {}，不进行重复同步
網站收藏列表出現重複帖子：{},Duplicate thread found in the website favorites: {},網站收藏列表出現重複帖子：{},网站收藏列表出现重复帖子：{}
已取得 {} 項收藏,Fetched {} favorites,已取得 {} 項收藏,已取得 {} 项收藏
頁數 正在取得收藏頁,Fetching favorite pages,頁數 正在取得收藏頁,页数 正在取得收藏页
登入狀態已更新，但仍無法取得 formHash。,"Login state was refreshed, but formHash is still unavailable.",登入狀態已更新，但仍無法取得 formHash。,登录状态已更新，但仍无法取得 formHash。
無法匯入帖子 {}：{},Failed to import thread {}: {},無法匯入帖子 {}：{},无法导入帖子 {}：{}
匯入網站帖子,Importing website threads,匯入網站帖子,导入网站帖子
找不到要同步的收藏。,Favorite item not found.,找不到要同步的收藏。,找不到要同步的收藏。
[{}/{}] 已載入 #{} {},[{}/{}] Loaded #{} {},[{}/{}] 已載入 #{} {},[{}/{}] 已载入 #{} {}
收藏項目缺少帖子 ID：{},Favorite item is missing a thread ID: {},收藏項目缺少帖子 ID：{},收藏项目缺少帖子 ID：{}
目前未登入百合會，無法同步收藏。,"Not signed in to Yamibo, so favorites cannot be synced.",目前未登入百合會，無法同步收藏。,目前未登录百合会，无法同步收藏。
目前未登入百合會，請重新登入後再同步。,Not signed in to Yamibo. Sign in again and retry sync.,目前未登入百合會，請重新登入後再同步。,目前未登录百合会，请重新登录后再同步。
頁數 {}/{} 頁,Page {}/{},頁數 {}/{} 頁,页数 {}/{} 页
準備同步任務,Preparing sync task,準備同步任務,准备同步任务
重新對齊網站收藏資料失敗：{},Failed to reconcile website favorites: {},重新對齊網站收藏資料失敗：{},重新对齐网站收藏资料失败：{}
百合會目前維護中。,Yamibo is under maintenance.,百合會目前維護中。,百合会目前维护中。
目前未登入百合會。,Not signed in to Yamibo.,目前未登入百合會。,目前未登录百合会。
同步期間網站收藏頁數發生變動，建議再同步一次。,The website favorite page count changed during sync. Running sync again is recommended.,同步期間網站收藏頁數發生變動，建議再同步一次。,同步期间网站收藏页数发生变动，建议再同步一次。
開始同步,Starting sync,開始同步,开始同步
同步目標類別不存在，請重新選擇。,The sync target category no longer exists. Choose it again.,同步目標類別不存在，請重新選擇。,同步目标类别不存在，请重新选择。
這種類型的收藏目前不支援同步到百合會。,This favorite type cannot be synced to Yamibo yet.,這種類型的收藏目前不支援同步到百合會。,这种类型的收藏目前不支持同步到百合会。
未命名帖子,Untitled thread,未命名帖子,未命名帖子
無法同步到百合會 {}：{},Failed to sync to Yamibo {}: {},無法同步到百合會 {}：{},无法同步到百合会 {}：{}
已同步到百合會。,Synced to Yamibo.,已同步到百合會。,已同步到百合会。
已同步到百合會，但暫時無法回填收藏順序，下一次同步會補齊。,"Synced to Yamibo, but the favorite order could not be backfilled yet. It will be repaired on the next sync.",已同步到百合會，但暫時無法回填收藏順序，下一次同步會補齊。,已同步到百合会，但暂时无法回填收藏顺序，下一次同步会补齐。
已同步到百合會，但暫時無法回填收藏順序：{},"Synced to Yamibo, but the favorite order could not be backfilled: {}",已同步到百合會，但暫時無法回填收藏順序：{},已同步到百合会，但暂时无法回填收藏顺序：{}
作者更新內容,Author updated content,作者更新內容,作者更新内容
作者有新的內容,Author has new content,作者有新的內容,作者有新的内容
作者新增 {} 則內容,Author added {} posts,作者新增 {} 則內容,作者新增 {} 则内容
更新檢查已取消,Update check canceled,更新檢查已取消,更新检查已取消
更新檢查完成,Update check completed,更新檢查完成,更新检查完成
繼續檢查收藏更新,Continuing favorite update check,繼續檢查收藏更新,继续检查收藏更新
更新檢查已中斷,Update check interrupted,更新檢查已中斷,更新检查已中断
已載入 {} 個追蹤項目,Loaded {} tracked items,已載入 {} 個追蹤項目,已载入 {} 个追踪项目
已載入 {} 個追蹤項目，從第 {} 項繼續,"Loaded {} tracked items, resuming from item {}",已載入 {} 個追蹤項目，從第 {} 項繼續,已载入 {} 个追踪项目，从第 {} 项继续
百合會維護中，無法檢查 {},"Yamibo is under maintenance, cannot check {}",百合會維護中，無法檢查 {},百合会维护中，无法检查 {}
可能有多筆新內容,There may be multiple new items,可能有多筆新內容,可能有多笔新内容
登入狀態已失效，無法檢查 {},"Login expired, cannot check {}",登入狀態已失效，無法檢查 {},登录状态已失效，无法检查 {}
準備檢查收藏更新,Preparing favorite update check,準備檢查收藏更新,准备检查收藏更新
新增 {} 則回覆,Added {} replies,新增 {} 則回覆,新增 {} 则回复
Tag 內容已更新,Tag content was updated,Tag 內容已更新,Tag 内容已更新
Tag 頁面載入失敗,Failed to load tag page,Tag 頁面載入失敗,Tag 页面载入失败
Tag 有新的帖子,Tag has new threads,Tag 有新的帖子,Tag 有新的帖子
Tag 新增 {} 個帖子,Tag added {} threads,Tag 新增 {} 個帖子,Tag 新增 {} 个帖子
Tag 頁數變動過大，可能有多個新帖子,Tag page count changed too much; there may be multiple new threads,Tag 頁數變動過大，可能有多個新帖子,Tag 页数变动过大，可能有多个新帖子
帖子內容已更新,Thread content was updated,帖子內容已更新,帖子内容已更新
帖子有新的內容,Thread has new content,帖子有新的內容,帖子有新的内容
無法精準定位，已開啟小說頁,Precise location failed; opened the novel page,無法精準定位，已開啟小說頁,无法精准定位，已开启小说页
取得小說作者資訊,Loading novel author info,取得小說作者資訊,取得小说作者信息
尋找作者正文位置,Finding author post position,尋找作者正文位置,寻找作者正文位置
尋找評論所屬正文,Finding parent author post for comment,尋找評論所屬正文,寻找评论所属正文
確認作者頁 {} / {},Confirming author page {} / {},確認作者頁 {} / {},确认作者页 {} / {}
讀取 findpost 定位頁,Reading findpost location page,讀取 findpost 定位頁,读取 findpost 定位页
判斷討論區類型,Checking forum type,判斷討論區類型,判断讨论区类型
解析連結,Parsing link,解析連結,解析链接
向前掃描評論頁 {},Scanning previous comment page {},向前掃描評論頁 {},向前扫描评论页 {}
搜尋作者頁 {} / {},Searching author page {} / {},搜尋作者頁 {} / {},搜索作者页 {} / {}
讀取帖子首頁,Reading thread home page,讀取帖子首頁,读取帖子首页
操作完成,Action completed,操作完成,操作完成
今天已經打卡過了。,Already signed in today.,今天已經打卡過了。,今天已经打卡过了。
尚未通過簽到頁的 Cloudflare 驗證，請先在 WebView 完成驗證。,Cloudflare verification for the sign page is not complete. Finish it in WebView first.,尚未通過簽到頁的 Cloudflare 驗證，請先在 WebView 完成驗證。,尚未通过签到页的 Cloudflare 验证，请先在 WebView 完成验证。
{} 已完成 {} 次補簽。,{} Completed {} repair signs.,{} 已完成 {} 次補簽。,{} 已完成 {} 次补签。
已通過驗證，但找不到簽到按鈕，請改用手動模式。,"Verification passed, but the sign button was not found. Use manual mode.",已通過驗證，但找不到簽到按鈕，請改用手動模式。,已通过验证，但找不到签到按钮，请改用手动模式。
圖片,Images,圖片,图片
其他,Other,其他,其他
帖子/論壇頁面,Thread/forum pages,帖子/論壇頁面,帖子/论坛页面
用戶空間/日志,User space/blogs,用戶空間/日志,用户空间/日志
載入第 {} 頁失敗: {},Failed to load page {}: {},載入第 {} 頁失敗: {},载入第 {} 页失败: {}
發表於 {},Posted at {},發表於 {},发表于 {}
重新整理帖子失敗：{},Failed to refresh thread: {},重新整理帖子失敗：{},重新整理帖子失败：{}
最後更新於 {},Last updated at {},最後更新於 {},最后更新于 {}
正在與{}聊天中......,Chatting with {}...,正在與{}聊天中......,正在与{}聊天中......
篩選,Filter,篩選,筛选
載入錯誤：{},Load error: {},載入錯誤：{},载入错误：{}
多選刪除,Multi-delete,多選刪除,多选删除
搜尋,Search,搜尋,搜索
搜尋標題...,Search title...,搜尋標題...,搜索标题...
閱讀歷史,Reading History,閱讀歷史,阅读历史
找到 {} 個相關內容,Found {} related items,找到 {} 個相關內容,找到 {} 个相关内容
找到 {} 筆搜尋結果,Found {} search results,找到 {} 筆搜尋結果,找到 {} 条搜索结果
已選 {} 項,{} selected,已選 {} 項,已选 {} 项
檢查版本、下載 APK 與打開安裝流程,"Check versions, download APKs, and open installation",檢查版本、下載 APK 與打開安裝流程,检查版本、下载 APK 与打开安装流程
App 更新,App updates,App 更新,App 更新
主題色、配色與整體顯示風格,"Theme, palette, and general display style",主題色、配色與整體顯示風格,主题色、配色与整体显示风格
外觀,Appearance,外觀,外观
檢查通知權限、電池最佳化與背景同步所需設定,"Notification, battery, and background sync setup",檢查通知權限、電池最佳化與背景同步所需設定,检查通知权限、电池优化与背景同步所需设置
通知與背景同步,Notifications & Background Sync,通知與背景同步,通知与背景同步
管理類別、整理排序與收藏互動設定,"Manage folders, sorting, and favorite actions",管理類別、整理排序與收藏互動設定,管理类别、整理排序与收藏互动设置
收藏管理,Favorites,收藏管理,收藏管理
切換介面語言,Change the app interface language,切換介面語言,切换界面语言
閱讀模式與觸控區域設定,Reading mode and touch zones,閱讀模式與觸控區域設定,阅读模式与触控区域设置
漫畫閱讀器,Manga Reader,漫畫閱讀器,漫画阅读器
字體大小、行距與版面寬度,"Font size, line spacing, and content width",字體大小、行距與版面寬度,字体大小、行距与版面宽度
小說閱讀器,Novel Reader,小說閱讀器,小说阅读器
每日簽到模式與補簽偏好,Daily sign mode and repair preference,每日簽到模式與補簽偏好,每日签到模式与补签偏好
簽到設定,Daily Sign,簽到設定,签到设置
緩存空間與啟動時清理設定,Cache storage and launch cleanup settings,緩存空間與啟動時清理設定,缓存空间与启动时清理设置
清除圖片、頁面與其他暫存資料，釋放目前已使用的儲存空間。\n目前緩存大小：{},"Clear images, pages, and other temporary data to free storage.\nCurrent cache size: {}",清除圖片、頁面與其他暫存資料，釋放目前已使用的儲存空間。\n目前緩存大小：{},清除图片、页面与其他暂存资料，释放目前已使用的存储空间。\n目前缓存大小：{}
儲存空間,Storage,儲存空間,存储空间
深色模式,Dark mode,深色模式,深色模式
淺色模式,Light mode,淺色模式,浅色模式
跟隨系統,Follow system,跟隨系統,跟随系统
傳統黑,Classic black,傳統黑,传统黑
傳統白,Classic white,傳統白,传统白
預設,Default,預設,默认
預設（深色）,Default (dark),預設（深色）,默认（深色）
設定,Settings,設定,设置
日曆月份：{},Calendar month: {},日曆月份：{},日历月份：{}
全手動簽到,Fully manual sign-in,全手動簽到,全手动签到
半自動簽到,Semi-automatic sign-in,半自動簽到,半自动签到
簽到頁載入失敗：{},Sign-in page failed to load: {},簽到頁載入失敗：{},签到页载入失败：{}
可補簽：{},Repair options: {},可補簽：{},可补签：{}
「{}」結束,{} ends,「{}」結束,“{}”结束
「{}」開始,{} starts,「{}」開始,“{}”开始
目前章節：{},Current chapter: {},目前章節：{},当前章节：{}
最後章節：{},Last chapter: {},最後章節：{},最后章节：{}
第{} ‧ {},Page {} ‧ {},第{} ‧ {},第{} ‧ {}
第{} ‧ {} ‧ {}/{},Page {} ‧ {} ‧ {}/{},第{} ‧ {} ‧ {}/{},第{} ‧ {} ‧ {}/{}
重新整理標籤頁失敗：{},Failed to refresh tag page: {},重新整理標籤頁失敗：{},重新整理标签页失败：{}
點評失敗: {},Comment failed: {},點評失敗: {},点评失败: {}
第{}樓,Floor {},第{}樓,第{}楼
載入失敗: {},Load failed: {},載入失敗: {},载入失败: {}
第 {} 頁載入失敗，點擊重試,Page {} failed to load. Tap to retry,第 {} 頁載入失敗，點擊重試,第 {} 页载入失败，点击重试
本帖隱藏內容需要積分: {},Hidden content requires score: {},本帖隱藏內容需要積分: {},本帖隐藏内容需要积分: {}
最後編輯於 {},Last edited at {},最後編輯於 {},最后编辑于 {}
🌟 本帖評分 (共 {} 人),🌟 Post ratings ({} people),🌟 本帖評分 (共 {} 人),🌟 本帖评分（共 {} 人）
評分失敗: {},Rating failed: {},評分失敗: {},评分失败: {}
總積分 +{},Total score +{},總積分 +{},总积分 +{}
刷新失敗: {}，嘗試讀取緩存,Refresh failed: {}. Trying cache,刷新失敗: {}，嘗試讀取緩存,刷新失败: {}，尝试读取缓存
投票失敗: {},Vote failed: {},投票失敗: {},投票失败: {}
{}天前,{} days ago,{}天前,{}天前
{}小時前,{} hours ago,{}小時前,{}小时前
{}分鐘前,{} minutes ago,{}分鐘前,{}分钟前
30 天,30 days,30 天,30 天
本周 7 天,7 days this week,本周 7 天,本周 7 天
90 天,90 days,90 天,90 天
附件選項,Accessory options,附件選項,附件選項
加為好友,Add as friend,加為好友,加為好友
新增書籤,Add bookmark,新增書籤,新增書籤
新增類別,Add category,新增類別,新增類別
新增、編輯、刪除或調整你的收藏類別,"Add, edit, delete or adjust your favorite categories",新增、編輯、刪除或調整你的收藏類別,新增、編輯、刪除或調整你的收藏類別
新增集合,Add new collection,新增集合,新增集合
新增筆記,Add new note,新增筆記,新增筆記
已加入收藏,Added to favorites,已加入收藏,已加入收藏
已加入本地收藏，但找不到同步目標。,"Added to local favorite, but sync target not found.",已加入本地收藏，但找不到同步目標。,已加入本地收藏，但找不到同步目標。
已加入本地收藏,Added to local favorites,已加入本地收藏,已加入本地收藏
新增收藏預設動作,Added new favorite preset actions,新增收藏預設動作,新增收藏預設動作
完成 Cloudflare 驗證後，程式會在簽到成功後一路補到不能再補。,"After completing the Cloudflare verification, the program will fill in all the time after successful sign-in until it can no longer be filled in.",完成 Cloudflare 驗證後，程式會在簽到成功後一路補到不能再補。,完成 Cloudflare 驗證後，程式會在簽到成功後一路補到不能再補。
開啟後，刪除收藏時不再跳出確認視窗。,"After turning it on, the confirmation window will no longer pop up when deleting favorites.",開啟後，刪除收藏時不再跳出確認視窗。,開啟後，刪除收藏時不再跳出確認視窗。
開啟後，新建收藏時會詢問是否同步到百合會。,"After turning it on, when creating a new favorite, you will be asked whether to synchronize it to Yamibo.",開啟後，新建收藏時會詢問是否同步到百合會。,開啟後，新建收藏時會詢問是否同步到百合會。
開啟後，收藏將完全消失時會詢問是否同步從百合會移除。,"After turning it on, when the favorite disappears completely, you will be asked whether to synchronize it with the Yamibo.",開啟後，收藏將完全消失時會詢問是否同步從百合會移除。,開啟後，收藏將完全消失時會詢問是否同步從百合會移除。
已清除所有緩存,All cache cleared,已清除所有緩存,已清除所有緩存
已取消所有收藏,All favorites have been canceled,已取消所有收藏,已取消所有收藏
將重新檢查所有收藏並建立新的更新任務。網站維護中可能會產生大量錯誤記錄。,All favorites will be rechecked and new update tasks created. A large number of error records may be generated during website maintenance.,將重新檢查所有收藏並建立新的更新任務。網站維護中可能會產生大量錯誤記錄。,將重新檢查所有收藏並建立新的更新任務。網站維護中可能會產生大量錯誤記錄。
已加入收藏，預設存入未分類,"Already added to favorites, default saved to uncategorized",已加入收藏，預設存入未分類,已加入收藏，預設存入未分類
已加入本地收藏，預設存入未分類,"Already added to local favorite, default saved to uncategorized",已加入本地收藏，預設存入未分類,已加入本地收藏，預設存入未分類
已加入大類,Already added to major categories,已加入大類,已加入大類
已经打过卡,Already checked in,已经打过卡,已经打过卡
已經是第一話,Already the first episode,已經是第一話,已經是第一話
已設為封面,Already set as cover,已設為封面,已設為封面
已同步至百合會,Already synced to Yamibo,已同步至百合會,已同步至百合會
同步過程發生錯誤,An error occurred during synchronization,同步過程發生錯誤,同步過程發生錯誤
Android 的背景同步依賴前景通知。開始同步後，只要通知已成功出現，再縮小 App 也能持續執行。,"Android's background sync relies on foreground notifications. After synchronization is started, as long as the notification appears successfully, the app will continue to execute when it is reduced in size.",Android 的背景同步依賴前景通知。開始同步後，只要通知已成功出現，再縮小 App 也能持續執行。,Android 的背景同步依賴前景通知。開始同步後，只要通知已成功出現，再縮小 App 也能持續執行。
公告,announcement,公告,公告
App 通知開關,App notification switch,App 通知開關,App 通知開關
App 系統設定,App system settings,App 系統設定,App 系統設定
啟動檢查更新間隔,Launch update check interval,啟動檢查更新間隔,启动检查更新间隔
啟動 app 後在背景檢查更新；未超過間隔不會發出網路請求。,Checks for updates in the background after launch; no network request is made before the interval passes.,啟動 app 後在背景檢查更新；未超過間隔不會發出網路請求。,启动 app 后在后台检查更新；未超过间隔不会发出网络请求。
你確定要將百合會收藏同步到本地嗎,Are you sure you want to synchronize Yamibo favorites to your local computer?,你確定要將百合會收藏同步到本地嗎,你確定要將百合會收藏同步到本地嗎
排列方式,Arrangement,排列方式,排列方式
完全移除收藏時詢問同步刪除,Ask for simultaneous deletion when completely removing favorites,完全移除收藏時詢問同步刪除,完全移除收藏時詢問同步刪除
新增收藏時詢問同步,Ask for synchronization when adding a favorite,新增收藏時詢問同步,新增收藏時詢問同步
目前選取的收藏中，至少有一項存在於多個收藏路徑。,At least one item in the currently selected favorite exists in multiple favorite paths.,目前選取的收藏中，至少有一項存在於多個收藏路徑。,目前選取的收藏中，至少有一項存在於多個收藏路徑。
📎 附件,Attachment,📎 附件,📎 附件
已複製作者名稱,Author name copied,已複製作者名稱,已複製作者名稱
目前無法自動簽到，請改用手動模式,"Automatic check-in is currently unavailable, please use manual mode instead",目前無法自動簽到，請改用手動模式,目前無法自動簽到，請改用手動模式
自動進行補簽,Automatic re-signing,自動進行補簽,自動進行補簽
目前無法啟動背景同步，請在 App 前景時重試。,"Background sync cannot be started at this time, please try again with the app in the foreground.",目前無法啟動背景同步，請在 App 前景時重試。,目前無法啟動背景同步，請在 App 前景時重試。
背景同步中,Background sync in progress,背景同步中,背景同步中
背景同步必須能在通知欄顯示進度。這項可直接在 App 內授予。,Background synchronization must display progress in the notification bar. This can be granted directly within the app.,背景同步必須能在通知欄顯示進度。這項可直接在 App 內授予。,背景同步必須能在通知欄顯示進度。這項可直接在 App 內授予。
長條圖,bar chart,長條圖,長條圖
電池最佳化,Battery Optimization,電池最佳化,電池最佳化
生日,Birthday,生日,生日
日志,Blog,日志,日志
日誌,Blog,日誌,日誌
書櫃,bookcase,書櫃,書櫃
已新增書籤,Bookmark added,已新增書籤,已新增書籤
收藏本版,Bookmark this edition,收藏本版,收藏本版
已移除書籤,Bookmark removed,已移除書籤,已移除書籤
隨便看看,Browse random blogs,隨便看看,隨便看看
正在計算中...,Calculating...,正在計算中...,正在計算中...
取消全部收藏,Cancel all favorites,取消全部收藏,取消全部收藏
取消全部收藏嗎,Cancel all favorites?,取消全部收藏嗎,取消全部收藏嗎
已取消收藏,Canceled favorites,已取消收藏,已取消收藏
取消後會移除目前這個收藏項目。,Cancellation will remove the current favorite item.,取消後會移除目前這個收藏項目。,取消後會移除目前這個收藏項目。
類別名稱,Category name,類別名稱,類別名稱
章節,chapter,章節,章節
章節列表,Chapter list,章節列表,章節列表
圖表,chart,圖表,圖表
聊天,chat,聊天,聊天
查看,Check,查看,查看
打卡公告,Check-in announcement,打卡公告,打卡公告
簽到行為,Check-in behavior,簽到行為,簽到行為
啟動時簽到提醒,Launch check-in reminder,啟動時簽到提醒,启动时签到提醒
今天尚未簽到時，在 app 啟動後提醒你前往簽到。,"If you have not checked in today, remind you after the app opens.",今天尚未簽到時，在 app 启动後提醒你前往簽到。,今天尚未签到时，在 app 启动后提醒你前往签到。
今天尚未完成每日簽到。,Daily check-in is not completed today.,今天尚未完成每日簽到。,今天尚未完成每日签到。
你今天還沒簽到,You have not checked in today,你今天還沒簽到,你今天还没签到
簽到模式,Check-in mode,簽到模式,簽到模式
打卡統計,Check-in statistics,打卡統計,打卡統計
打卡成功,Check in successfully,打卡成功,打卡成功
勾選大類，或點進去選擇小集合,"Check the major categories, or click in to select small collections",勾選大類，或點進去選擇小集合,勾選大類，或點進去選擇小集合
檢查通知權限、電池最佳化與背景同步所需的系統設定。,"Check system settings required for notification permissions, battery optimization, and background sync.",檢查通知權限、電池最佳化與背景同步所需的系統設定。,檢查通知權限、電池最佳化與背景同步所需的系統設定。
檢查更新,Check update,檢查更新,检查更新
更新日誌,Update log,更新日誌,更新日志
新版本 {} 正在準備中,Version {} is being prepared,新版本 {} 正在準備中,新版本 {} 正在准备中
更新檔案尚未發布完成，請稍後再試。來源：{},Update files are not ready yet. Please try again later. Source: {},更新檔案尚未發布完成，請稍後再試。來源：{},更新文件尚未发布完成，请稍后再试。来源：{}
顯示首頁輪播圖,Show home carousel images,顯示首頁輪播圖,显示首页轮播图
在首頁版塊列表上方顯示百合會活動與推薦橫幅。,Show Yamibo event and recommendation banners above the home forum list.,在首頁版塊列表上方顯示百合會活動與推薦橫幅。,在首页版块列表上方显示百合会活动与推荐横幅。
首頁輪播圖,Home carousel image,首頁輪播圖,首页轮播图
圖片載入失敗,Image failed to load,圖片載入失敗,图片加载失败
app dev by thenano,app dev by thenano,app dev by thenano,app dev by thenano
檢查中...,Checking...,檢查中...,检查中...
正在檢查收藏更新,Checking for favorites updates,正在檢查收藏更新,正在檢查收藏更新
正在簽到...,Checking in...,正在簽到...,正在簽到...
正在檢查更新,Checking for updates,正在檢查更新,正在检查更新
分類,Classification,分類,分類
清空,Clear,清空,清空
立即清除所有緩存,Clear all caches now,立即清除所有緩存,立即清除所有緩存
App 啟動時清除緩存,Clear cache when app starts,App 啟動時清除緩存,App 啟動時清除緩存
清除閱讀紀錄,Clear reading history,清除閱讀紀錄,清除閱讀紀錄
点击打卡,Click to check in,点击打卡,点击打卡
點擊展開 / 收起,Click to expand/collapse,點擊展開 / 收起,點擊展開 / 收起
點擊跳轉到評論區,Click to jump to the comment area,點擊跳轉到評論區,點擊跳轉到評論區
關閉這個畫面不會中止同步，你之後仍可從收藏頁或設定頁重新查看進度。,"Closing this screen will not abort synchronization, and you can still check the progress again later from the Favorites page or Settings page.",關閉這個畫面不會中止同步，你之後仍可從收藏頁或設定頁重新查看進度。,關閉這個畫面不會中止同步，你之後仍可從收藏頁或設定頁重新查看進度。
已新增集合,Collection added,已新增集合,已新增集合
已建立集合,Collection created,已建立集合,已建立集合
已更新集合,Collection updated,已更新集合,已更新集合
顏色,color,顏色,顏色
顏色主題,color theme,顏色主題,顏色主題
漫畫模式,comic mode,漫畫模式,漫畫模式
漫畫閱讀模式,Comic reading mode,漫畫閱讀模式,漫畫閱讀模式
評論,Comment,評論,評論
點評,Comment,點評,點評
💬 點評,?? Comment,💬 點評,💬 點評
評論中...,Commenting...,評論中...,評論中...
完全移除收藏預設動作,Completely remove favorite preset actions,完全移除收藏預設動作,完全移除收藏預設動作
確定要取消收藏嗎,Are you sure you want to remove this favorite?,確定要取消收藏嗎,確定要取消收藏嗎
內容區,content area,內容區,內容區
內容寬度,content width,內容寬度,內容寬度
繼續,continue,繼續,繼續
繼續閱讀,Continue reading,繼續閱讀,繼續閱讀
繼續同步,Continue syncing,繼續同步,繼續同步
簡繁轉換,Conversion between Simplified and Traditional Chinese,簡繁轉換,簡繁轉換
複製,Copy,複製,複製
複製連結,Copy link,複製連結,複製連結
複製連結地址,Copy link address,複製連結地址,複製連結地址
複製連結文字,Copy link text,複製連結文字,複製連結文字
複製文字,Copy text,複製文字,複製文字
建新類別,Create new category,建新類別,建新類別
正在建立同步任務,Creating synchronization task,正在建立同步任務,正在建立同步任務
目前未登入，無法使用站內搜尋,"Currently not logged in, site search is not available",目前未登入，無法使用站內搜尋,目前未登入，無法使用站內搜尋
自定義頭銜,Custom title,自定義頭銜,自定義頭銜
每日簽到,Daily check-in,每日簽到,每日簽到
每日维护,daily maintenance,每日维护,每日维护
日,day,日,日
刪除類別,Delete category,刪除類別,刪除類別
解散,Disband,解散,解散
已解散集合,Disbanded collection,已解散集合,已解散集合
顯示收藏更新檢查進度與結果,Display favorite update check progress and results,顯示收藏更新檢查進度與結果,顯示收藏更新檢查進度與結果
顯示百合會收藏同步進度,Display Yamibo favorite synchronization progress,顯示百合會收藏同步進度,顯示百合會收藏同步進度
是否要刪除所有路徑下的收藏,Do you want to delete favorites under all paths?,是否要刪除所有路徑下的收藏,是否要刪除所有路徑下的收藏
要將此收藏從百合會網站移除嗎？,Do you want to remove this favorite from the Yamibo website?,要將此收藏從百合會網站移除嗎？,要將此收藏從百合會網站移除嗎？
要將此收藏同步到百合會嗎？,Do you want to sync this favorite to Yamibo?,要將此收藏同步到百合會嗎？,要將此收藏同步到百合會嗎？
下次不再提示,Don’t prompt again next time,下次不再提示,下次不再提示
下載失敗,Download failed,下載失敗,下載失敗
下載更新,Download update,下載更新,下载更新
正在下載更新...,Downloading update...,正在下載更新...,正在下载更新...
編輯,edit,編輯,編輯
編輯類別,Edit categories,編輯類別,編輯類別
編輯集合,Edit collection,編輯集合,編輯集合
編輯筆記,Edit notes,編輯筆記,編輯筆記
學歷,Educational qualifications,學歷,學歷
- 評論區結束 -,- End of comment section -,- 評論區結束 -,- 評論區結束 -
輸入內容...,Enter content...,輸入內容...,輸入內容...
輸入關鍵字或帖子連結,Enter keyword or post link,輸入關鍵字或帖子連結,輸入關鍵字或帖子連結
輸入關鍵字或網址搜尋帖子,Enter keywords or URLs to search for posts,輸入關鍵字或網址搜尋帖子,輸入關鍵字或網址搜尋帖子
輸入本地筆記...,Enter local note...,輸入本地筆記...,輸入本地筆記...
輸入頁碼,Enter page number,輸入頁碼,輸入頁碼
外部瀏覽器,external browser,外部瀏覽器,外部瀏覽器
取消收藏失敗,Failed to cancel favorite,取消收藏失敗,取消收藏失敗
建立類別失敗,Failed to create category,建立類別失敗,建立類別失敗
刪除收藏失敗,Failed to delete favorites,刪除收藏失敗,刪除收藏失敗
下載圖片失敗,Failed to download image,下載圖片失敗,下載圖片失敗
獲取登入資訊失敗，請重新登入,"Failed to obtain login information, please log in again",獲取登入資訊失敗，請重新登入,獲取登入資訊失敗，請重新登入
移除收藏失敗,Failed to remove favorites,移除收藏失敗,移除收藏失敗
收藏刪除,favorite delete,收藏刪除,收藏刪除
收藏顯示,Favorite display,收藏顯示,收藏顯示
收藏功能開發中,Favorite function is under development,收藏功能開發中,收藏功能開發中
收藏位置已更新,Favorite location updated,收藏位置已更新,收藏位置已更新
已更新收藏位置,Favorite location updated,已更新收藏位置,已更新收藏位置
收藏日志,Favorite log,收藏日志,收藏日志
收藏模塊比率,favorite module ratio,收藏模塊比率,收藏模塊比率
已更新收藏路徑,Favorite path updated,已更新收藏路徑,已更新收藏路徑
已移除收藏,Favorite removed,已移除收藏,已移除收藏
已從所有位置移除收藏,Favorite removed from all locations,已從所有位置移除收藏,已從所有位置移除收藏
收藏同步偏好,Favorite sync preferences,收藏同步偏好,收藏同步偏好
收藏同步,Favorite synchronization,收藏同步,收藏同步
已取消收藏更新檢查,Favorite update check canceled,已取消收藏更新檢查,已取消收藏更新檢查
收藏更新檢查週期,Favorite update check cycle,收藏更新檢查週期,收藏更新檢查週期
已中斷收藏更新檢查,Favorite update check interrupted,已中斷收藏更新檢查,已中斷收藏更新檢查
收藏更新完成,Favorite update completed,收藏更新完成,收藏更新完成
收藏更新失敗,Favorite update failed,收藏更新失敗,收藏更新失敗
收藏更新已中斷,Favorite update has been interrupted,收藏更新已中斷,收藏更新已中斷
收藏更新中斷,Favorite update interrupted,收藏更新中斷,收藏更新中斷
收藏更新,Favorite updates,收藏更新,收藏更新
已刪除收藏,Favorites deleted,已刪除收藏,已刪除收藏
收藏選單,favorites menu,收藏選單,收藏選單
篩選類別,filter categories,篩選類別,篩選類別
完成,Finish,完成,完成
}」結束,"}""Finish",}」結束,}」結束
閱畢,Finished reading,閱畢,閱畢
五,five,五,五
字體大小,font size,字體大小,字體大小
四,Four,四,四
分數,Fraction,分數,分數
好友的日志,Friends blogs,好友的日志,好友的日志
集合,gather,集合,集合
性別,gender,性別,性別
正在取得收藏頁,Getting favorites,正在取得收藏頁,正在取得收藏頁
全域刷新,Global refresh,全域刷新,全域刷新
全域刷新收藏更新,Global refresh favorite update,全域刷新收藏更新,全域刷新收藏更新
前往,Go to,前往,前往
前往簽到,Go to check in,前往簽到,前往签到
授予,Grant,授予,授予
&gt;目录&lt;/div&gt;,&gt;Directory&lt;/div&gt;,&gt;目录&lt;/div&gt;,&gt;目录&lt;/div&gt;
&gt;-简称征集中-&lt;/div&gt;,&gt;-referred to as solicitation-&lt;/div&gt;,&gt;-简称征集中-&lt;/div&gt;,&gt;-简称征集中-&lt;/div&gt;
#標籤漫畫,#hashtagcomics,#標籤漫畫,#標籤漫畫
隱藏,hide,隱藏,隱藏
沒有找到Ta的日志,His log was not found,沒有找到Ta的日志,沒有找到Ta的日志
沒有找到Ta的主題,His topic was not found,沒有找到Ta的主題,沒有找到Ta的主題
直方圖,Histogram,直方圖,直方圖
本月時數,Hours of the month,本月時數,本月時數
本周時數,Hours of the week,本周時數,本周時數
我是YamiboApp的作者TheNano，這是一個第三方個人獨立開發的開源App,"I am TheNano, the author of YamiboApp, which is an open source App independently developed by a third party.",我是YamiboApp的作者TheNano，這是一個第三方個人獨立開發的開源App,我是YamiboApp的作者TheNano，這是一個第三方個人獨立開發的開源App
若裝置廠商額外限制背景執行，可從這裡進入系統 App 設定再調整。,"If the device manufacturer imposes additional restrictions on background execution, you can enter the system App settings from here and adjust it.",若裝置廠商額外限制背景執行，可從這裡進入系統 App 設定再調整。,若裝置廠商額外限制背景執行，可從這裡進入系統 App 設定再調整。
若等待過久可重新載入,"If you wait too long, you can reload it.",若等待過久可重新載入,若等待過久可重新載入
說明,illustrate,說明,說明
已複製圖片,Image copied,已複製圖片,已複製圖片
圖片載入失敗,Image loading failed,圖片載入失敗,圖片載入失敗
已匯入到本地,Imported to local,已匯入到本地,已匯入到本地
手動模式下只保存這個偏好；半自動模式才會真的自動補簽。,"In manual mode, only this preference is saved; in semi-automatic mode, the signature will be replenished automatically.",手動模式下只保存這個偏好；半自動模式才會真的自動補簽。,手動模式下只保存這個偏好；半自動模式才會真的自動補簽。
積分,integral,積分,積分
中斷,interrupt,中斷,中斷
中斷同步,Interrupt synchronization,中斷同步,中斷同步
區間,interval,區間,區間
邀請閱讀,invitation to read,邀請閱讀,邀請閱讀
邀請,invite,邀請,邀請
iOS 最多只能在進入背景後維持一小段時間執行。若系統掛起 App，收藏同步仍可能中斷。,"iOS can only maintain execution for a short period of time after entering the background. If the system hangs the app, collection synchronization may still be interrupted.",iOS 最多只能在進入背景後維持一小段時間執行。若系統掛起 App，收藏同步仍可能中斷。,iOS 最多只能在進入背景後維持一小段時間執行。若系統掛起 App，收藏同步仍可能中斷。
iOS 目前沒有 Android 那種常駐前景通知與長時間背景同步能力。,iOS currently does not have the persistent foreground notifications and long-term background synchronization capabilities that Android does.,iOS 目前沒有 Android 那種常駐前景通知與長時間背景同步能力。,iOS 目前沒有 Android 那種常駐前景通知與長時間背景同步能力。
只加入部分集合,Join only part of the collection,只加入部分集合,只加入部分集合
跳轉,Jump,跳轉,跳轉
跳轉到收藏,Jump to favorites,跳轉到收藏,跳轉到收藏
跳轉到首頁,Jump to homepage,跳轉到首頁,跳轉到首頁
跳過,jump over,跳過,跳過
暫不支持跳轉到公告頁,Jumping to the announcement page is not supported yet.,暫不支持跳轉到公告頁,暫不支持跳轉到公告頁
剛剛,just,剛剛,剛剛
保留系統列背景,Keep system column background,保留系統列背景,保留系統列背景
最後一次同步時間,Last sync time,最後一次同步時間,最後一次同步時間
 / 最後更新 ,/Last updated, / 最後更新 , / 最後更新 
最後訪問,last visited,最後訪問,最後訪問
最新發表的日志,Latest published logs,最新發表的日志,最新發表的日志
發表回復,Leave a Reply,發表回復,發表回復
折線圖,Line chart,折線圖,折線圖
行距,line spacing,行距,行距
行距比例,line spacing ratio,行距比例,行距比例
連結選項,Link options,連結選項,連結選項
載入失敗,Loading failed,載入失敗,載入失敗
載入更多評論,Loading more comments,載入更多評論,載入更多評論
正在載入下一個分頁...,Loading next page...,正在載入下一個分頁...,正在載入下一個分頁...
正在載入上一個分頁...,Loading previous tab...,正在載入上一個分頁...,正在載入上一個分頁...
正在定位連結,Locating link,正在定位連結,正在定位連結
日志評論,Log comments,日志評論,日志評論
登入,log in,登入,登入
登入頁面,Login page,登入頁面,登入頁面
管理收藏類別,Manage favorite categories,管理收藏類別,管理收藏類別
管理類別,Management category,管理類別,管理類別
管理組,Management group,管理組,管理組
手動刷新資訊,Manually refresh information,手動刷新資訊,手動刷新資訊
廠商背景限制說明,Manufacturer background restrictions,廠商背景限制說明,廠商背景限制說明
標為已讀,Mark as read,標為已讀,標為已讀
標為未讀,Mark as unread,標為未讀,標為未讀
已標為已讀,Marked as read,已標為已讀,已標為已讀
已標為未讀,Marked as unread,已標為未讀,已標為未讀
選單,Menu,選單,選單
消息提醒,Message reminder,消息提醒,消息提醒
錯誤,mistake,錯誤,錯誤
更多,More,更多,更多
移動,move,移動,移動
必須處理,must be dealt with,必須處理,必須處理
我的日志,My blogs,我的日志,我的日志
我的打卡动态,My check-in status,我的打卡动态,我的打卡动态
我的打卡動態,My check-in status,我的打卡動態,我的打卡動態
我的收藏,My favorites,我的收藏,我的收藏
我的足跡,my footprints,我的足跡,我的足跡
我的好友,My friends,我的好友,我的好友
我的消息,My messages,我的消息,我的消息
我的提醒,My notifications,我的提醒,我的提醒
我的資料,My profile,我的資料,我的資料
我的回覆,my reply,我的回覆,我的回覆
我的空間,My space,我的空間,我的空間
我的主題,My threads,我的主題,我的主題
我的訪客,my visitors,我的訪客,我的訪客
下一話,Next chapter,下一話,下一話
下一頁,Next page,下一頁,下一頁
下一個分頁,Next page,下一個分頁,下一個分頁
否,No,否,否
暫無評論,no comments,暫無評論,暫無評論
沒有找到評論,No comments found,沒有找到評論,沒有找到評論
尚無收藏資料,No favorites yet,尚無收藏資料,尚無收藏資料
沒有找到足跡,no footprints found,沒有找到足跡,沒有找到足跡
沒有找到好友的日志,No friend's log found,沒有找到好友的日志,沒有找到好友的日志
沒有找到好友,No friends found,沒有找到好友,沒有找到好友
沒有找到日志,No log found,沒有找到日志,沒有找到日志
沒有找到消息,No message found,沒有找到消息,沒有找到消息
- 沒有更多內容了 -,- No more content -,- 沒有更多內容了 -,- 沒有更多內容了 -
沒有找到在線成員,No online members found,沒有找到在線成員,沒有找到在線成員
沒有找到圖片,No picture found,沒有找到圖片,沒有找到圖片
尚無閱讀時數資料,No reading hours data yet,尚無閱讀時數資料,尚無閱讀時數資料
沒有找到相關主題,No related topics found,沒有找到相關主題,沒有找到相關主題
沒有找到回復,No reply found,沒有找到回復,沒有找到回復
沒有找到Ta的回復,No reply found from Ta,沒有找到Ta的回復,沒有找到Ta的回復
搜尋無結果,No results found,搜尋無結果,搜尋無結果
沒有找到搜尋結果,No search results found,沒有找到搜尋結果,沒有找到搜尋結果
沒有偵測到更新,No updates detected,沒有偵測到更新,沒有偵測到更新
沒有找到訪客,No visitor found,沒有找到訪客,沒有找到訪客
未加入大類,Not added to major categories,未加入大類,未加入大類
未登入，請先登入後再收藏,"Not logged in, please log in first before adding it to favorites",未登入，請先登入後再收藏,未登入，請先登入後再收藏
尚未加入,Not yet joined,尚未加入,尚未加入
已刪除筆記,Note deleted,已刪除筆記,已刪除筆記
已保存筆記,Note saved,已保存筆記,已保存筆記
筆記,notes,筆記,筆記
通知與背景同步設定,Notification and background synchronization settings,通知與背景同步設定,通知與背景同步設定
通知權限,Notification permissions,通知權限,通知權限
系統目前已關閉這個 App 的通知。請重新打開，不然同步仍然不會顯示在通知欄。,"Notifications for this app are currently turned off. Please turn it back on, otherwise synchronization will still not be displayed in the notification bar.",系統目前已關閉這個 App 的通知。請重新打開，不然同步仍然不會顯示在通知欄。,系統目前已關閉這個 App 的通知。請重新打開，不然同步仍然不會顯示在通知欄。
通知作者,Notify author,通知作者,通知作者
小說,novel,小說,小說
頁數,Number of pages,頁數,頁數
對象,object,對象,對象
已取得,Obtained,已取得,已取得
一,one,一,一
一年,one year,一年,一年
在線成員,online members,在線成員,在線成員
在線時間,Online time,在線時間,在線時間
只刪本地,Only delete local,只刪本地,只刪本地
只存本地,Only save local,只存本地,只存本地
開啟替代頁,Open alternative page,開啟替代頁,開啟替代頁
打開簽到頁 WebView,Open the check-in page WebView,打開簽到頁 WebView,打開簽到頁 WebView
App 內打開,Open in app,App 內打開,App 內打開
在瀏覽器開啟,Open in browser,在瀏覽器開啟,在瀏覽器開啟
在應用內開啟連結,Open link within app,在應用內開啟連結,在應用內開啟連結
打開進度,open progress,打開進度,打開進度
使用外部瀏覽器開啟,Open using an external browser,使用外部瀏覽器開啟,使用外部瀏覽器開啟
} 頁,} Page,} 頁,} 頁
個人資料,personal data,個人資料,個人資料
個人主頁,Personal homepage,個人主頁,個人主頁
個人簽名,personal signature,個人簽名,個人簽名
圖片載入中,Picture loading,圖片載入中,圖片載入中
圓餅圖,pie chart,圓餅圖,圓餅圖
置頂,pin to top,置頂,置頂
出生地,place of birth,出生地,出生地
平台限制,Platform restrictions,平台限制,平台限制
請先允許通知權限，背景同步才會顯示在通知欄。,Please allow notification permission first before background synchronization will be displayed in the notification bar.,請先允許通知權限，背景同步才會顯示在通知欄。,請先允許通知權限，背景同步才會顯示在通知欄。
請輸入類別名稱,Please enter a category name,請輸入類別名稱,請輸入類別名稱
請先輸入類別名稱,Please enter the category name first,請先輸入類別名稱,請先輸入類別名稱
請輸入評論內容,Please enter the comment content,請輸入評論內容,請輸入評論內容
請輸入內容...,Please enter content...,請輸入內容...,請輸入內容...
請輸入內容,Please enter content,請輸入內容,請輸入內容
請保持 App 在前景後再開始同步。,Please keep the app in the foreground before starting sync.,請保持 App 在前景後再開始同步。,請保持 App 在前景後再開始同步。
請先登入後再評論,Please log in first before commenting,請先登入後再評論,請先登入後再評論
請先登入後再搜尋,Please log in first before searching,請先登入後再搜尋,請先登入後再搜尋
請先登入後再發送消息,Please log in first before sending message,請先登入後再發送消息,請先登入後再發送消息
請先打開簽到頁 WebView 讓程式抓到頁面內容，或使用下方按鈕手動刷新。,"Please open the check-in page WebView first to let the program capture the page content, or use the button below to refresh manually.",請先打開簽到頁 WebView 讓程式抓到頁面內容，或使用下方按鈕手動刷新。,請先打開簽到頁 WebView 讓程式抓到頁面內容，或使用下方按鈕手動刷新。
請稍後再試,Please try again later,請稍後再試,請稍後再試
定位中,Positioning,定位中,定位中
定位失敗,Positioning failed,定位失敗,定位失敗
帖子,Post,帖子,帖子
發表帖子,post,發表帖子,發表帖子
發日志,Post a log,發日志,發日志
發帖成功,Post successfully,發帖成功,發帖成功
準備定位,Prepare for positioning,準備定位,準備定位
再按一次退出應用,Press again to exit the app,再按一次退出應用,再按一次退出應用
預覽,Preview,預覽,預覽
上一話,Previous episode,上一話,上一話
上一頁,Previous page,上一頁,上一頁
上一個分頁,Previous page,上一個分頁,上一個分頁
上一頁 / 下一頁,Previous page / next page,上一頁 / 下一頁,上一頁 / 下一頁
提示信息,Prompt message,提示信息,提示信息
排名,Ranking,排名,排名
"載入失敗, 可選擇直接填寫",Failed to load; you can enter manually,"載入失敗, 可選擇直接填寫","载入失败, 可选择直接填写"
正在載入選項,Loading options,正在載入選項,正在载入选项
本帖評分,Rate this post,本帖評分,本帖評分
評分成功，刷新後更新評分/點評狀態,"Rating successful, update rating/review status after refreshing",評分成功，刷新後更新評分/點評狀態,評分成功，刷新後更新評分/點評狀態
補簽,Re-signing,補簽,補簽
补签,Re-signing,补签,补签
已讀完所有章節,Read all chapters,已讀完所有章節,已讀完所有章節
讀取失敗,Read failed,讀取失敗,讀取失敗
閱讀標記,read mark,閱讀標記,閱讀標記
已讀/總數,Read/total,已讀/總數,已讀/總數
閱讀圖表,Reading charts,閱讀圖表,閱讀圖表
已清除閱讀紀錄,Reading history cleared,已清除閱讀紀錄,已清除閱讀紀錄
已刷新閱讀歷史紀錄,Reading history has been refreshed,已刷新閱讀歷史紀錄,已刷新閱讀歷史紀錄
閱讀時數,Reading hours,閱讀時數,閱讀時數
閱讀模式,reading mode,閱讀模式,閱讀模式
閱讀統計,reading statistics,閱讀統計,閱讀統計
已就緒,Ready,已就緒,已就緒
評分理由,Reason for rating,評分理由,評分理由
最近閱讀 ,Recently read,最近閱讀 ,最近閱讀 
重新檢查,recheck,重新檢查,重新檢查
推薦閱讀的日志,Recommended reading diary,推薦閱讀的日志,推薦閱讀的日志
建議處理,Recommended treatment,建議處理,建議處理
-简称征集中-,-Referred to as solicitation-,-简称征集中-,-简称征集中-
重新整理,refresh,重新整理,重新整理
刷新,refresh,刷新,刷新
刷新週期,refresh cycle,刷新週期,刷新週期
注冊時間,Registration time,注冊時間,注冊時間
發布,release,發布,發布
發布頁,Release page,發布頁,发布页
重新載入,Reload,重新載入,重新載入
記住這次選擇,Remember this choice,記住這次選擇,記住這次選擇
提醒,remind,提醒,提醒
沒有找到提醒,Reminder not found,沒有找到提醒,沒有找到提醒
移除書籤,Remove bookmark,移除書籤,移除書籤
僅移除當下目錄,Remove only current directory,僅移除當下目錄,僅移除當下目錄
移除原始條目,Remove original entry,移除原始條目,移除原始條目
正在從百合會移除收藏...,Removing favorites from Yamibo...,正在從百合會移除收藏...,正在從百合會移除收藏...
更新,renew,更新,更新
回復,Reply,回復,回復
回復成功,Reply successful,回復成功,回復成功
回覆,Reply,回覆,回覆
重新同步,Resync,重新同步,重新同步
返回,return,返回,返回
返回签详情,Return to signature details,返回签详情,返回签详情
保存,save,保存,保存
儲存失敗,Save failed,儲存失敗,儲存失敗
保存失敗,Save failed,保存失敗,保存失敗
已儲存圖片至相簿,Saved picture to album,已儲存圖片至相簿,已儲存圖片至相簿
評分,score,評分,評分
搜尋失敗,Search failed,搜尋失敗,搜尋失敗
搜尋收藏,Search favorites,搜尋收藏,搜尋收藏
搜尋收藏標題...,Search for favorite titles...,搜尋收藏標題...,搜尋收藏標題...
搜尋帖子...,Search posts...,搜尋帖子...,搜尋帖子...
搜尋標題或連結...,Search title or link...,搜尋標題或連結...,搜尋標題或連結...
搜尋中...,Searching...,搜尋中...,搜尋中...
選擇,Select,選擇,选择
選擇類別,Select category,選擇類別,選擇類別
選擇頁面,Select page,選擇頁面,選擇頁面
選擇評分理由,Select rating reason,選擇評分理由,选择评分理由
選擇分數,Select score,選擇分數,选择分数
已選擇,Selected,已選擇,已選擇
發送,send,發送,發送
發消息,send message,發消息,發消息
發送回覆,Send reply,發送回覆,發送回覆
發送中,Sending,發送中,發送中
設為封面,Set as cover,設為封面,設為封面
設定功能開發中,Setting function is under development,設定功能開發中,設定功能開發中
分享,share,分享,分享
分享日志,Share log,分享日志,分享日志
分享圖片,share pictures,分享圖片,分享圖片
屏蔽,shield,屏蔽,屏蔽
本月簽到表格,Sign-in form for this month,本月簽到表格,本月簽到表格
簽到資訊,Sign-in information,簽到資訊,簽到資訊
尚未取得簽到資訊,Sign-in information has not been obtained yet,尚未取得簽到資訊,尚未取得簽到資訊
簽到頁載入失敗,Sign-in page failed to load,簽到頁載入失敗,簽到頁載入失敗
登出,Sign out,登出,登出
已簽,Signed,已簽,已簽
今日已簽到,Signed in today,今日已簽到,今日已簽到
今日已簽,Signed today,今日已簽,今日已簽
六,six,六,六
略過刪除確認,Skip deletion confirmation,略過刪除確認,略過刪除確認
部分品牌會額外限制背景同步。若你已開通知與電池最佳化，但任務仍常被中止，請查看對應機型說明。,"Some brands impose additional restrictions on background synchronization. If you have turned on notifications and battery optimization, but tasks are still frequently suspended, please check the instructions for the corresponding model.",部分品牌會額外限制背景同步。若你已開通知與電池最佳化，但任務仍常被中止，請查看對應機型說明。,部分品牌會額外限制背景同步。若你已開通知與電池最佳化，但任務仍常被中止，請查看對應機型說明。
部分裝置會因電池最佳化提早中止背景網路。建議將本 App 加入忽略最佳化名單。,Some devices will terminate the background network early due to battery optimization. It is recommended to add this app to the ignore optimization list.,部分裝置會因電池最佳化提早中止背景網路。建議將本 App 加入忽略最佳化名單。,部分裝置會因電池最佳化提早中止背景網路。建議將本 App 加入忽略最佳化名單。
宋体,Song Dynasty,宋体,宋体
排序,sort,排序,排序
排序方式,sort by,排序方式,排序方式
}」開始,"}""start",}」開始,}」開始
開始全域刷新收藏更新,Start global refresh of favorite updates,開始全域刷新收藏更新,開始全域刷新收藏更新
開始閱讀,Start reading,開始閱讀,開始閱讀
開始刷新,Start refreshing,開始刷新,開始刷新
狀態,state,狀態,狀態
儲存空間使用情形,Storage usage,儲存空間使用情形,儲存空間使用情形
儲存,store,儲存,儲存
提交,submit,提交,提交
提交投票,Submit a vote,提交投票,提交投票
提交中...,Submitting...,提交中...,提交中...
子版區,subreddit area,子版區,子版區
摘要,summary,摘要,摘要
確定,Sure,確定,確定
同步已取消,Sync canceled,同步已取消,同步已取消
已取消同步,Sync canceled,已取消同步,已取消同步
同步失敗,Sync failed,同步失敗,同步失敗
尚未開始同步,Sync has not started yet,尚未開始同步,尚未開始同步
同步已中斷,Sync interrupted,同步已中斷,同步已中斷
同步到百合會,Sync to Yamibo,同步到百合會,同步到百合會
同步完成,Synchronization completed,同步完成,同步完成
同步花費時間,Synchronization takes time,同步花費時間,同步花費時間
正在同步到百合會...,Synchronizing to Yamibo...,正在同步到百合會...,正在同步到百合會...
同步移除,Synchronous removal,同步移除,同步移除
同步百合會收藏,Synchronous Yamibo Favorite,同步百合會收藏,同步百合會收藏
合成集合,Synthetic collection,合成集合,合成集合
系統列,system column,系統列,系統列
目录,Table of contents,目录,目录
目錄,Table of contents,目錄,目錄
Tag 漫畫,Tag comics,Tag 漫畫,Tag 漫畫
標籤列表,tag list,標籤列表,標籤列表
沒有找到標籤,tag not found,沒有找到標籤,沒有找到標籤
文字排版,Text layout,文字排版,文字排版
文字大小,text size,文字大小,文字大小
背景同步任務已中斷，可重新同步。,The background synchronization task has been interrupted and can be resynchronized.,背景同步任務已中斷，可重新同步。,背景同步任務已中斷，可重新同步。
已移除當下目錄收藏,The current directory favorite has been removed,已移除當下目錄收藏,已移除當下目錄收藏
前天,the day before yesterday,前天,前天
目前背景同步所需的主要存取都已就緒。,The main access required for background synchronization is now in place.,目前背景同步所需的主要存取都已就緒。,目前背景同步所需的主要存取都已就緒。
通知欄可正常顯示背景同步進度與完成結果。,The notification bar can display the background synchronization progress and completion results normally.,通知欄可正常顯示背景同步進度與完成結果。,通知欄可正常顯示背景同步進度與完成結果。
點評成功，刷新後更新評分/點評狀態,"The review is successful, and the rating/review status will be updated after refreshing.",點評成功，刷新後更新評分/點評狀態,點評成功，刷新後更新評分/點評狀態
智能更新策略尚未接入，暫停週期背景檢查。,"The smart update policy has not been accessed yet, and the periodic background check is suspended.",智能更新策略尚未接入，暫停週期背景檢查。,智能更新策略尚未接入，暫停週期背景檢查。
找不到指定的樓層，已跳轉至最接近的樓層,The specified floor cannot be found. Jumped to the nearest floor.,找不到指定的樓層，已跳轉至最接近的樓層,找不到指定的樓層，已跳轉至最接近的樓層
星星按鈕可直接收藏，長按可指定小集合,"The star button can be directly collected, and a long press can be used to specify a small favorite.",星星按鈕可直接收藏，長按可指定小集合,星星按鈕可直接收藏，長按可指定小集合
這裡會顯示最近一次收藏同步的狀態與進度。同步開始後，你也可以從這裡重新打開進度畫面。,"The status and progress of the latest favorite synchronization will be displayed here. Once the sync has started, you can also reopen the progress screen from here.",這裡會顯示最近一次收藏同步的狀態與進度。同步開始後，你也可以從這裡重新打開進度畫面。,這裡會顯示最近一次收藏同步的狀態與進度。同步開始後，你也可以從這裡重新打開進度畫面。
找不到這個同步任務。,The synchronization task cannot be found.,找不到這個同步任務。,找不到這個同步任務。
系統目前不允許啟動背景同步，請在 App 前景時重試。,The system currently does not allow background synchronization to be initiated. Please try again with the app in the foreground.,系統目前不允許啟動背景同步，請在 App 前景時重試。,系統目前不允許啟動背景同步，請在 App 前景時重試。
系統目前不會因電池最佳化優先中止這個 App 的背景同步。,The system currently does not prioritize background sync for this app due to battery optimization.,系統目前不會因電池最佳化優先中止這個 App 的背景同步。,系統目前不會因電池最佳化優先中止這個 App 的背景同步。
更新頁不需要網路載入,The update page does not require network loading,更新頁不需要網路載入,更新頁不需要網路載入
投票成功，正在刷新頁面...,"The vote was successful, refreshing the page...",投票成功，正在刷新頁面...,投票成功，正在刷新頁面...
Ta的日志,Their blogs,Ta的日志,Ta的日志
Ta的資料,Their profile,Ta的資料,Ta的資料
Ta的回覆,Their replies,Ta的回覆,Ta的回覆
Ta的主題,Their threads,Ta的主題,Ta的主題
主題,theme,主題,主題
沒有可繼續的收藏更新任務,There is no favorite update task to continue,沒有可繼續的收藏更新任務,沒有可繼續的收藏更新任務
目前還沒有收藏,There are no favorites yet,目前還沒有收藏,目前還沒有收藏
目前還沒有閱讀歷史紀錄,There is no reading history yet,目前還沒有閱讀歷史紀錄,目前還沒有閱讀歷史紀錄
這個集合還沒有內容,This collection has no content yet,這個集合還沒有內容,這個集合還沒有內容
此連結暫不支援 App 內開啟,This link does not support opening within the app.,此連結暫不支援 App 內開啟,此連結暫不支援 App 內開啟
無法辨識此連結,This link is not recognized,無法辨識此連結,無法辨識此連結
本月,this month,本月,本月
這個頁面在 iOS 主要是說明限制，不提供 Android 式的系統授權捷徑。,This page mainly explains the restrictions on iOS and does not provide Android-style system authorization shortcuts.,這個頁面在 iOS 主要是說明限制，不提供 Android 式的系統授權捷徑。,這個頁面在 iOS 主要是說明限制，不提供 Android 式的系統授權捷徑。
已刪除這筆紀錄,This record has been deleted,已刪除這筆紀錄,已刪除這筆紀錄
三,three,三,三
tip：長按可詳細編輯收藏路徑,Tip: Long press to edit the favorite path in detail,tip：長按可詳細編輯收藏路徑,tip：長按可詳細編輯收藏路徑
"💡 tips : 標籤頁面類似常規漫畫App, 推薦用於收藏漫畫","💡 tips: The tab page is similar to a regular comic app, recommended for collecting comics","💡 tips : 標籤頁面類似常規漫畫App, 推薦用於收藏漫畫","💡 tips : 標籤頁面類似常規漫畫App, 推薦用於收藏漫畫"
已複製標題,Title copied,已複製標題,已複製標題
<title>百合会每日维护</title>,<title>Yamibo Daily Maintenance</title>,<title>百合会每日维护</title>,<title>百合会每日维护</title>
今日,today,今日,今日
今天,today,今天,今天
今天狀態：未簽到,Today's status: Not signed in,今天狀態：未簽到,今天狀態：未簽到
今天狀態：已簽到,Today's status: Signed in,今天狀態：已簽到,今天狀態：已簽到
TODO: 消息互動尚未接入,TODO: Message interaction has not been connected yet,TODO: 消息互動尚未接入,TODO: 消息互動尚未接入
TODO: 回覆定位跳轉尚未接入,TODO: The reply positioning jump has not been accessed yet,TODO: 回覆定位跳轉尚未接入,TODO: 回覆定位跳轉尚未接入
沒有找到主題,Topic not found,沒有找到主題,沒有找到主題
總時數,total hours,總時數,總時數
總積分,total points,總積分,總積分
輕觸區域,Touch area,輕觸區域,輕觸區域
觸控分區,Touch area,觸控分區,觸控分區
重試,Try again,重試,重試
二,two,二,二
無法載入下一頁,Unable to load next page,無法載入下一頁,無法載入下一頁
無法載入上一頁,Unable to load previous page,無法載入上一頁,無法載入上一頁
無法載入閱讀目錄,Unable to load reading directory,無法載入閱讀目錄,無法載入閱讀目錄
無法精準定位該評論,Unable to pinpoint this comment,無法精準定位該評論,無法精準定位該評論
無法識別的百合會帖子連結,Unrecognized Yamibo post link,無法識別的百合會帖子連結,無法識別的百合會帖子連結
（無標題）,(untitled),（無標題）,（無標題）
發現新版本 {},New version {} is available,發現新版本 {},发现新版本 {}
新版已可下載。你可以立即下載更新，或稍後到設定中的 App 更新頁處理。,"A new version is available. Download it now, or handle it later from Settings > App updates.",新版已可下載。你可以立即下載更新，或稍後到設定中的 App 更新頁處理。,新版已可下载。你可以立即下载更新，或稍后到设置中的 App 更新页处理。
檢查更新失敗,Update check failed,檢查更新失敗,检查更新失败
更新檢查被系統中斷,Update check was interrupted by the system,更新檢查被系統中斷,更新檢查被系統中斷
下載失敗：{},Download failed: {},下載失敗：{},下载失败：{}
已忽略版本 {},Version {} is ignored,已忽略版本 {},已忽略版本 {}
需要允許此 app 安裝未知來源應用，完成授權後請重新點擊下載。,"Allow this app to install unknown apps, then tap download again.",需要允許此 app 安裝未知來源應用，完成授權後請重新點擊下載。,需要允许此 app 安装未知来源应用，完成授权后请重新点击下载。
下載完成，已打開系統安裝流程。,Download complete. System installation has been opened.,下載完成，已打開系統安裝流程。,下载完成，已打开系统安装流程。
更新資訊來自 manifest；牆內使用者可優先使用 Gitee/Gitea 鏡像源。,Update info comes from a manifest. Mainland users can prefer Gitee/Gitea mirrors.,更新資訊來自 manifest；牆內使用者可優先使用 Gitee/Gitea 鏡像源。,更新信息来自 manifest；墙内用户可优先使用 Gitee/Gitea 镜像源。
尚未檢查更新,Updates have not been checked,尚未檢查更新,尚未检查更新
來源：{},Source: {},來源：{},来源：{}
目前已是最新版本：{},You are on the latest version: {},目前已是最新版本：{},目前已是最新版本：{}
在狀態列與底部導覽列後方使用閱讀背景，避免透明系統列蓋住內容。,Use a reading background behind the status bar and bottom navigation bar to prevent transparent system bars from covering the content.,在狀態列與底部導覽列後方使用閱讀背景，避免透明系統列蓋住內容。,在狀態列與底部導覽列後方使用閱讀背景，避免透明系統列蓋住內容。
用戶,user,用戶,用戶
用戶組,User group,用戶組,用戶組
查看進度,View progress,查看進度,查看進度
查看標籤列表,View tag list,查看標籤列表,查看標籤列表
WebView 打開,WebView open,WebView 打開,WebView 打開
同步到哪個類別,Which category to sync to?,同步到哪個類別,同步到哪個類別
同步移除百合會收藏嗎,Will the favorite of Lily be removed simultaneously?,同步移除百合會收藏嗎,同步移除百合會收藏嗎
同步到百合會收藏嗎,Will it be synchronized to Lily Favorite?,同步到百合會收藏嗎,同步到百合會收藏嗎
作品,work,作品,作品
作品與章節,Works and Chapters,作品與章節,作品與章節
百合會收藏已同步到本地,Yamibo favorite has been synchronized to the local,百合會收藏已同步到本地,百合會收藏已同步到本地
百合會維護中...現在不是簽到的好時機呢,Yamibo is under maintenance... Now is not a good time to sign in.,百合會維護中...現在不是簽到的好時機呢,百合會維護中...現在不是簽到的好時機呢
是,Yes,是,是
昨天,yesterday,昨天,昨天
{} 小時,{} hours,{} 小時,{} 小时
{} - Ta的日志,{} - Blogs,{} - Ta的日志,{} - Ta的日志
{}的資料,{} profile,{}的資料,{}的资料
{} - Ta的主題,{} - Threads,{} - Ta的主題,{} - Ta的主题
{} 點,{} points,{} 點,{} 点
關於,About,關於,关于
關於 ({}),About ({}),關於 ({}),关于 ({})
社群,Community,社群,社群
設為標籤封面,Set as tag cover,設為標籤封面,設為標籤封面
設為RSS封面,Set as RSS cover,設為RSS封面,設為RSS封面
已設為標籤封面,Set as tag cover,已設為標籤封面,已設為標籤封面
已設為RSS封面,Set as RSS cover,已設為RSS封面,已設為RSS封面
RSS搜尋目錄,RSS search directory,RSS搜尋目錄,RSS搜尋目錄
RSS搜尋目錄(#{}),RSS search directory (#{}),RSS搜尋目錄(#{}),RSS搜尋目錄(#{})
